iteration,baseline_sec,refactor_sec,adx_sec
1,45.72896480560303,35.565,18.254
2,33.379793882369995,28.822,0.417
3,26.194974660873413,29.336,0.549
4,23.7655348777771,39.106,0.153
5,35.512256383895874,27.798,2.412
6,51.07452893257141,18.589,0.376
7,46.7698974609375,37.077,0.575
8,37.70358633995056,21.548,0.149
9,38.694891929626465,51.203,0.531
10,54.79971766471863,30.655,0.341
